"image","xmin","ymin","xmax","ymax","label"
"IMG_5364.JPG",424.46808510638294,202.83690107629653,837.2340425531914,1192.9078447057846,"seagrass"
"IMG_5568.JPG",281.2057170462101,218.43972713389294,611.7021276595744,851.063829787234,"seagrass"
"IMG_5568.JPG",858.5106382978723,790.070943629488,1000.3546532164229,1120.5674191738697,"seagrass"
"IMG_5568.JPG",954.9646255817819,573.0496670337434,1050,814.1844404504654,"seagrass"
"IMG_5568.JPG",729.4327106881649,278.0141952189993,957.8014617270612,456.7376319398271,"seagrass"
"IMG_5568.JPG",567.7305830285904,340.4255319148936,810.2837745179521,862.411369161403,"seagrass"
"IMG_5568.JPG",115.24827023769947,374.468085106383,328.014227684508,660.9929510887633,"seagrass"
"IMG_5568.JPG",25.886568110039892,0,458.51063829787233,371.6312489611037,"seagrass"
"IMG_5568.JPG",1008.8652915142952,1.4184505381482713,1184.751859624335,367.3759298121675,"seagrass"
"IMG_5365.JPG",258.51063829787233,424.1134968209774,1193.2624979222073,885.1063829787233,"seagrass"
"IMG_5271.JPG",180.49647554438164,300.70924150182844,1200,785.8156244805518,"seagrass"
"IMG_5272.JPG",224.46808510638297,441.13477341672206,1197.5178170711436,835.4610361951463,"seagrass"
"IMG_5590.JPG",940.7801851313164,150.35462075091422,1200,1157.4468085106382,"seagrass"
"IMG_5590.JPG",4.6099723653590425,5.673769687084441,645.7446808510638,1165.9574468085104,"seagrass"
"IMG_5590.JPG",667.0212765957447,46.808510638297875,884.0425531914893,1114.8936170212764,"seagrass"
"IMG_5571.JPG",0.35465321642287234,609.9291213015292,756.3829787234042,1197.1631638547206,"seagrass"
"IMG_5571.JPG",525.1773915392287,22.69504628282912,1200,917.7305830285904,"seagrass"
"IMG_5570.JPG",79.7872340425532,380.14188725897606,267.02127659574467,1144.6808510638298,"seagrass"
"IMG_5570.JPG",913.8297872340426,568.7943478848072,1146.4539872839096,1200,"seagrass"
"IMG_5572.JPG",27.30498618267952,348.93617021276594,363.4752638796542,1185.815689411569,"seagrass"
"IMG_5572.JPG",661.3476043051861,163.12057819772275,1200,946.0993340674868,"seagrass"
"IMG_5572.JPG",339.36170212765956,7.092203992478391,533.688029837101,402.83690107629656,"seagrass"
"IMG_5572.JPG",40.07094362948803,608.5106382978723,1159.219944730718,1113.4752638796542,"seagrass"
"IMG_5569.JPG",570.5674191738697,529.078057471742,742.1986681349733,1200,"seagrass"
"IMG_5569.JPG",933.688029837101,534.7517946933178,1103.9007957945478,1200,"seagrass"
"IMG_5569.JPG",310.9929510887633,340.4255319148936,841.4893617021276,1191.4893617021276,"seagrass"
"IMG_5569.JPG",0,392.90784470578456,305.3191489361702,1200,"seagrass"
"IMG_5602.JPG",591.4893617021277,522.6950787483377,842.9078447057843,1076.595744680851,"seagrass"
"IMG_5602.JPG",1.7730712890625,636.879454267786,442.90784470578456,1165.9574468085107,"seagrass"
"IMG_5617.JPG",276.95039789727394,297.87234042553183,518.0851063829787,982.9787234042553,"seagrass"
"IMG_5617.JPG",857.09228515625,537.5886957696143,1200,764.5390287358709,"seagrass"
"IMG_5617.JPG",547.8723404255319,185.81562448055186,1152.127659574468,482.2695468334441,"seagrass"
"IMG_5617.JPG",14.53902873587101,262.41136916140294,1197.5178170711436,929.078057471742,"seagrass"
"IMG_5601.JPG",640.0710085605052,519.1489361702128,863.8297872340426,1030.496540475399,"seagrass"
"IMG_5601.JPG",0,598.5815819273604,435.81568941156917,1165.9574468085107,"seagrass"
"IMG_5601.JPG",13.120610663231382,205.67376968708444,574.8227383228058,571.6312489611037,"seagrass"
"IMG_5613.JPG",811.7021276595744,683.6879649060837,1045.7446808510638,1164.5390936668882,"seagrass"
"IMG_5613.JPG",6.02839043799867,173.04966703374336,1193.2624979222076,587.2340425531914,"seagrass"
"IMG_5616.JPG",623.0497319647607,960.2837745179521,1122.340425531915,1200,"seagrass"
"IMG_5616.JPG",44.3262627784242,797.1631638547208,411.7021276595745,1194.3263277094416,"seagrass"
"IMG_5616.JPG",215.95744680851064,219.85817767204122,523.7589085355718,510.63829787234044,"seagrass"
"IMG_5616.JPG",550.7093064328458,212.7659574468085,1032.9787234042553,469.5035893866356,"seagrass"
"IMG_5616.JPG",4.6099723653590425,300.70924150182844,336.52486598238033,472.3404255319149,"seagrass"
"IMG_5665.JPG",206.02839043799867,150.35462075091422,464.18444045046544,564.5390287358709,"seagrass"
"IMG_5665.JPG",791.8440149185506,207.09222022523272,1082.624200049867,675.1773266082114,"seagrass"
"IMG_5665.JPG",11.702127659574469,8.51063829787234,665.6029234541223,458.1560500124667,"seagrass"
"IMG_5665.JPG",110.99295108876329,190.07094362948803,214.539028735871,824.1134968209774,"seagrass"
"IMG_5671.JPG",825.8865681100399,564.539028735871,1200,1195.744680851064,"seagrass"
"IMG_5671.JPG",200.35465321642286,197.1631313892121,828.7234042553191,1200,"seagrass"
"IMG_5671.JPG",739.3617021276596,4.25531914893617,1197.5178170711436,1182.9787234042553,"seagrass"
"IMG_5670.JPG",879.7872340425532,184.39717394240358,1200,1198.5816468583776,"seagrass"
"IMG_5670.JPG",157.80146172706117,278.0141952189993,1196.0993340674868,1190.0710085605053,"seagrass"
"IMG_5670.JPG",8.865291514295212,507.80146172706117,391.84401491855056,1190.0710085605053,"seagrass"
"IMG_5667.JPG",34.397206407912236,154.6099398998504,318.0851063829787,778.7234042553191,"seagrass"
"IMG_5667.JPG",716.6667532413563,1.4184505381482713,1200,1170.212765957447,"seagrass"
"IMG_5667.JPG",325.17732660821144,100.70924150182846,902.482312790891,1017.0212765957447,"non-seagrass"
"IMG_5618.JPG",1.7730712890625,1.4184505381482713,1200,519.1489361702128,"seagrass"
"IMG_5618.JPG",191.84401491855053,686.5248659823803,787.5886957696143,1051.063829787234,"non-seagrass"
"IMG_5618.JPG",953.546142578125,534.7517946933178,1200,826.9503978972739,"seagrass"
"sea%20grass_100.png",3.1648214883486823,149.50727649625262,691.3686806411838,306.03714186691315,"seagrass"
"IMG_5678.JPG",106.73763193982712,456.7376319398271,1193.2624979222076,1163.1206106632312,"seagrass"
"sea%20grass_10.jpeg",6.165228113440198,344.96856999705767,972.0510160584927,658.9476085951941,"seagrass"
"sea%20grass_10.jpeg",122.07151664611591,7.975335027726433,491.16322321015724,274.28217421441775,"non-seagrass"
"sea%20grass_10.jpeg",475.544620236398,103.31977147580075,722.1537447740059,254.55574168207028,"non-seagrass"
"sea%20grass_10.jpeg",0.4110277507513872,193.73259979078819,247.0201522883593,350.7221002772643,"seagrass"
"sea%20grass_10.jpeg",492.80725895403054,257.0215457486137,980.2712700369914,317.8447252650799,"seagrass"
"IMG_5677.JPG",6.02839043799867,636.879454267786,335.1063829787234,1182.9787234042553,"seagrass"
"IMG_5677.JPG",725.1773915392287,807.0922202252327,1191.8440149185503,1197.1631638547208,"seagrass"
"IMG_5677.JPG",126.59574468085106,14.184407984956781,739.3617021276596,1167.3759298121677,"seagrass"
"IMG_5677.JPG",745.0355042802527,65.24823777219082,1169.148936170213,765.9574468085106,"seagrass"
"IMG_5672.JPG",18.79434788480718,19.858161439286903,1198.936170212766,1164.5390936668884,"seagrass"
"sea%20grass_15.jpeg",5.754237992254932,854.8386466542806,378.9560715455457,1319.704993764486,"seagrass"
"sea%20grass_15.jpeg",423.3457139623151,787.4905008256104,1976.983198549245,1333,"seagrass"
"sea%20grass_11.jpeg",346.8968552520037,139.01234567901233,479.07934600416155,233.16873432677465,"non-seagrass"
"sea%20grass_11.jpeg",226.55160247765104,245.02058617862653,506.6995679523736,372.09876543209873,"seagrass"
"sea%20grass_11.jpeg",0.3288222006011097,159.4238884066358,359.3917376310111,281.2345679012345,"seagrass"
"sea%20grass_11.jpeg",512.6181869412762,110.04117235725307,782.2441430332923,347.73666570216045,"seagrass"
"sea%20grass_11.jpeg",2.301695196901973,6.666666666666666,791.4509238209001,162.05762321566357,"seagrass"
"sea%20grass_11.jpeg",531.0316883091862,353.00413532021605,789.4780508245992,399.09469039351853,"seagrass"
"sea%20grass_11.jpeg",2.301695196901973,292.42799358603395,173.94164587507706,398.43623408564815,"seagrass"
"sea%20grass_13.png",91.91489361702128,181.61939326076643,317.04962955927056,353.89836098961797,"seagrass"
"sea%20grass_13.png",367.8864931610942,150.4846414877168,527.6595744680851,372.5792120534478,"seagrass"
"sea%20grass_13.png",591.9837575987842,156.71159184232673,806.7436360182371,344.5579354577031,"seagrass"
"sea%20grass_13.png",722.7071618541033,373.6170212765958,919.8297872340426,560.4255319148937,"seagrass"
"sea%20grass_13.png",182.17629179331306,407.86524822695037,413.53599924012155,514.7612609863281,"seagrass"
"sea%20grass_13.png",479.9351253799392,368.4279276529948,658.3829787234042,530.3286368728529,"seagrass"
"sea%20grass_14.jpeg",291.7553353816905,119.14894428658992,454.52134152676194,602.1276758072224,"seagrass"
"sea%20grass_14.jpeg",531.3829787234042,272.3404579974235,671.5426181225066,655.3191814016789,"seagrass"
"sea%20grass_14.jpeg",605.5851063829787,62.76597367956283,747.074500550615,446.80851063829783,"seagrass"
"sea%20grass_14.jpeg",420.47872340425533,54.787250275307514,544.9468085106383,512.2340425531914,"seagrass"
"sea%20grass_14.jpeg",766.2234367208277,13.829795350419714,889.627659574468,551.0638460199883,"seagrass"
"sea%20grass_14.jpeg",813.5638947182513,159.04256130786652,1073.1382978723404,634.574500550615,"seagrass"
"sea%20grass_12.png",37.02664602346806,265.37826348703805,789.7167549381977,1401.2648269977976,"seagrass"
"sea%20grass_12.png",837.0770846967436,709.9290780141844,1944.9693570889272,1059.822695035461,"seagrass"
"sea%20grass_12.png",892.8945553616719,836.7021276595744,1894.2262019389923,1401.2648269977976,"seagrass"
"sea%20grass_18.jpeg",31.89321721641763,382.0166386784734,937.1359223300972,630,"seagrass"
"sea%20grass_18.jpeg",588.495145631068,36.23701289884762,738.7864344328353,140.14553014553013,"non-seagrass"
"sea%20grass_18.jpeg",369.1747839473984,223.9709139564181,944.126266923923,340.9771243152896,"non-seagrass"
"sea%20grass_18.jpeg",240.7281820056508,57.19335385518857,605.9709271180977,177.69231435414906,"non-seagrass"
"sea%20grass_18.jpeg",758.0097620695541,35.36382536382536,872.4757548211849,202.14136547953075,"non-seagrass"
"sea%20grass_18.jpeg",117.52429851050516,35.36382536382536,233.73787741059238,145.3846153846154,"non-seagrass"
"sea%20grass_18.jpeg",14.41747572815534,196.02911269094741,342.0873786407767,341.85033183583596,"non-seagrass"
"sea%20grass_17.jpeg",49.97945726726264,410.3058724535591,1277.8957305795316,849.6823678712968,"seagrass"
"sea%20grass_17.jpeg",20.74077690972222,172.80286095937095,539.8518880208333,406.1931568145752,"seagrass"
"sea%20grass_17.jpeg",512.5926649305555,29.4514630317688,1226.0741102430557,418.04036095937096,"non-seagrass"
"sea%20grass_16.jpeg",608.7135474867063,346.61245191648135,856.9667077681875,667,"seagrass"
"sea%20grass_16.jpeg",779.6958989191585,206.88354227062516,1000,652.3721561678677,"seagrass"
"sea%20grass_16.jpeg",382.6552084136098,312.913117131993,606.2474562413302,644.9747439682374,"seagrass"
"sea%20grass_16.jpeg",137.69011961987516,410.72335764661074,386.76533540285914,656.4818045286506,"seagrass"
"sea%20grass_16.jpeg",0,460.0394389774795,136.04604624643574,667,"seagrass"
"sea%20grass_23.jpeg",839.1309812760056,1480.0580532526028,1153.9528432732318,1614.9146021091517,"non-seagrass"
"sea%20grass_23.jpeg",474.60016470180307,1420.9103719033224,737.346350554785,1560.4988738950226,"non-seagrass"
"sea%20grass_23.jpeg",1610.7998873092927,848.3615875561371,1833.305738557559,966.6567336496842,"non-seagrass"
"sea%20grass_23.jpeg",1814.368932038835,997.4135626081122,1970.5963938973648,1115.7087087016591,"non-seagrass"
"sea%20grass_23.jpeg",1383.5599427877949,692.211899406449,1582.3948942441057,817.6047585977091,"non-seagrass"
"sea%20grass_23.jpeg",867.5359743411929,708.7731938669439,1224.9653259361999,843.6297427234928,"non-seagrass"
"sea%20grass_23.jpeg",1056.9025225381415,954.8272840218336,1146.8515950069348,1113.3428404365904,"non-seagrass"
"sea%20grass_23.jpeg",422.52427184466023,1132.270111464661,697.10590759362,1295.5175127120624,"non-seagrass"
"sea%20grass_23.jpeg",734.9791955617198,1058.9270039199544,952.7509535367545,1236.3698313627817,"non-seagrass"
"sea%20grass_23.jpeg",460.39766816920945,952.4613074542578,704.2071558599168,1075.488406682956,"non-seagrass"
"sea%20grass_23.jpeg",22.487322295423024,751.3594724532225,2560,1707,"seagrass"
"sea%20grass_24.jpeg",139.85209260006718,556.2138728323699,2456.0796602754417,1189.7398491126264,"seagrass"
"sea%20grass_19.jpeg",380.02780697382104,12.41320292154948,973.6477115117891,582.4132283528646,"seagrass"
"sea%20grass_19.jpeg",994.7295761637482,189.07989501953125,1200,403.5243225097656,"seagrass"
"sea%20grass_19.jpeg",4.993065187239944,285.74656168619794,360.0555462248613,419.07989501953125,"seagrass"
"sea%20grass_20.jpeg",8.506726226595006,12.027595726219383,788.9042995839112,506.9825901340794,"seagrass"
"sea%20grass_25.png",52.70461083781206,4.98960498960499,432.17756506804784,780.0416054200234,"seagrass"
"sea%20grass_25.png",423.3010385965672,175.74498420445687,1190.0138696255199,800,"seagrass"
"sea%20grass_22.jpeg",477.46185852981966,813.9293615138952,1881.761442441054,1500,"seagrass"
"sea%20grass_22.jpeg",9.361997226074896,830.5613146998035,450.41612051065687,1495.8421068726855,"seagrass"
"sea%20grass_22.jpeg",781.2067844004638,7.2764914149801845,2206.3106796116504,739.0852866698204,"seagrass"
"sea%20grass_22.jpeg",11.442504544198595,15.592515592515593,720.873786407767,768.1912523297411,"seagrass"
"sea%20grass_21.jpeg",448.451281585905,387.36139604212394,2000,1470.5406654343808,"seagrass"
"sea%20grass_21.jpeg",0.9246699191660888,537.0841317168005,453.9991317939494,1463.1470629115643,"seagrass"
"sea%20grass_28.jpeg",3.938413014608234,130.09693110580986,650,483.54609929078015,"seagrass"
"sea%20grass_26.jpeg",9.558466923701298,14.835463032711461,463.3766487418831,533.6345773040559,"seagrass"
"sea%20grass_26.jpeg",728.51953125,360.7015265273167,856.5194805194806,490.40129558043446,"seagrass"
"sea%20grass_26.jpeg",540.6753500405844,344.07333832139506,613.8182325487012,431.3712597994551,"seagrass"
"sea%20grass_29.jpeg",488.71599130593387,110.11520737327189,724.6692607003891,809.9999999999999,"seagrass"
"sea%20grass_29.jpeg",960.6226440904669,242.95724824826289,1152.373540856031,649.8236076952676,"seagrass"
"sea%20grass_29.jpeg",729.0273133511673,55.07705442367062,965.6031128404669,608.7636998611661,"seagrass"
"sea%20grass_29.jpeg",6.84828702577821,113.55630760368663,274.5525291828794,653.5563265892766,"seagrass"
"sea%20grass_29.jpeg",288.2490462366245,111.06783783380887,498.6770428015564,810,"seagrass"
"sea%20grass_27.jpeg",3.0990191309987027,9.861365337414306,1018.6874189364462,593.1219917416307,"seagrass"
"sea%20grass_3.jpeg",18.374471503627593,522.3225961826191,2480.544747081712,1663.9257090230863,"seagrass"
"sea%20grass_35.jpeg",6.714662900694614,154.66646109275447,66.92996108949417,324.6600150691653,"seagrass"
"sea%20grass_35.jpeg",74.2944294376596,185.02246138193075,186.06098623312866,332.46584031188377,"seagrass"
"sea%20grass_35.jpeg",3.2490272373540856,59.69558730634671,141.4409989531402,179.81857788678514,"seagrass"
"sea%20grass_35.jpeg",342.8806876690935,183.72149050814434,417.8249027237354,283.46257759760886,"seagrass"
"sea%20grass_35.jpeg",147.93905342784836,96.99009230530379,333.35019455252916,257.00950978103197,"seagrass"
"sea%20grass_31.png",7.565940926201767,188.6135922330097,695.4604409857328,308.17845696014115,"seagrass"
"sea%20grass_32.jpeg",11.673151750972764,72.52969762419006,986.1652062560798,588.2964560589058,"seagrass"
"sea%20grass_33.jpeg",196.40268456375838,616.537860031669,606.4608850671141,1851.9055072973806,"seagrass"
"sea%20grass_33.jpeg",393.4139052013423,371.29787234042556,867.6152474832215,1586.0379649493711,"seagrass"
"sea%20grass_33.jpeg",979.8658766778524,967.2080727976264,1454.0672189597317,1909.2046316160377,"seagrass"
"sea%20grass_33.jpeg",1465.5212877516778,540.9031082586193,1857.252831375839,1865.657280347026,"seagrass"
"sea%20grass_33.jpeg",1873.2886954697985,79.072695035461,2226.6845637583892,1929.8322911905054,"seagrass"
"sea%20grass_33.jpeg",2349.7807256711408,449.22460377469974,2560,1741.8913229002173,"seagrass"
"sea%20grass_33.jpeg",629.3691275167785,1615.8333333333333,993.6108431208054,1939,"seagrass"
"sea%20grass_33.jpeg",0,1384.3452236094374,79.57046979865771,1599.7897379990166,"seagrass"
"sea%20grass_33.jpeg",52.080536912751676,1618.125365453409,139.1320260067114,1796.898415098799,"seagrass"
"sea%20grass_30.jpeg",17.708657587548636,897.7311598689681,1264.3942931258107,1322,"seagrass"
"sea%20grass_30.jpeg",409.9541990920882,761.4607178714859,1309.551232166018,895.9614412238799,"seagrass"
"sea%20grass_30.jpeg",1690.286316472114,630.4995938343217,2048,1315.391160099382,"seagrass"
"sea%20grass_30.jpeg",1295.3844033722437,1120.7191926887238,1608.8266861219195,1294.1542123082174,"seagrass"
"sea%20grass_30.jpeg",796.0017833981841,701.289392800695,1801.8505188067443,802.1648948087272,"seagrass"
"sea%20grass_30.jpeg",1309.551232166018,834.0203164954742,1656.639915693904,1064.0872238955824,"non-seagrass"
"sea%20grass_30.jpeg",385.1621271076524,435.35742971887555,1367.9896238651102,554.4004769076306,"non-seagrass"
"sea%20grass_30.jpeg",519.7475680933852,331.41252510040164,863.2944228274968,425.20907151555446,"non-seagrass"
"sea%20grass_30.jpeg",925.2746433203631,292.4781478207753,1635.3895914396885,441.1367823589279,"non-seagrass"
"sea%20grass_30.jpeg",48.69868677042801,598.6441721475747,262.9727626459144,733.1448144874421,"non-seagrass"
"sea%20grass_30.jpeg",206.30528534370947,513.696380982916,525.060149156939,694.2104372078156,"non-seagrass"
"sea%20grass_30.jpeg",517.976653696498,565.0189508032129,1013.817607003891,632.2693124794098,"non-seagrass"
"sea%20grass_30.jpeg",1321.947308690013,437.5972640562249,1736.3286316472113,490.68963353413653,"non-seagrass"
"sea%20grass_38.jpeg",649.8162828339058,92.4077515441102,1013.7133592736704,268.6848212700386,"seagrass"
"sea%20grass_38.jpeg",664.7950713359273,265.1592532467533,1011.0700389105058,499.6077918907265,"seagrass"
"sea%20grass_38.jpeg",219.83615698115526,269.5661931025518,628.669719928588,509.00000000000006,"seagrass"
"sea%20grass_38.jpeg",12.77607531120805,271.3289771141944,187.23521928007963,500.4891233766234,"seagrass"
"sea%20grass_38.jpeg",410.155263462883,136.47702906224634,651.5784695201037,266.0406654258827,"seagrass"
"sea%20grass_38.jpeg",69.16689628076615,205.2250810102983,433.94514673136547,266.0406654258827,"seagrass"
"sea%20grass_39.png",4.357976653696499,5.700608381252844,475.4345513132296,316.10451565344357,"seagrass"
"sea%20grass_37.jpeg",5.11968085106383,58.953910178326545,688.9849480162275,232.09220805066695,"seagrass"
"sea%20grass_37.jpeg",128.61260759069563,250.7092293272627,302.9920212765957,409.57446808510633,"seagrass"
"sea%20grass_37.jpeg",344.5700543992063,245.12412294428398,590.3147352502701,371.71986762513507,"seagrass"
"sea%20grass_37.jpeg",504.6764373779297,227.12765957446808,688.3643617021277,494.59223645798704,"seagrass"
"sea%20grass_37.jpeg",253.34665014388713,432.5354799311212,332.15872581968915,525,"seagrass"
"sea%20grass_37.jpeg",1.3962765957446808,245.74468085106383,188.80763358258187,525,"seagrass"
"sea%20grass_37.jpeg",329.0558510638298,387.8546288672914,509.0204279473487,525,"seagrass"
"sea%20grass_36.jpeg",20.233463035019454,332.8888888888889,1181.3229571984436,621.800981309679,"seagrass"
"sea%20grass_36.jpeg",36.83531052407588,158.24537828233508,116.73151750972764,198.68982272677954,"non-seagrass"
"sea%20grass_36.jpeg",121.91960078732977,120.91204494900174,197.66536964980546,156.1712883843316,"non-seagrass"
"sea%20grass_36.jpeg",380.2853595421936,135.43057929144965,858.6251937925583,202.22222222222223,"non-seagrass"
"sea%20grass_36.jpeg",542.1531113205253,210.09724595811633,736.1867704280156,314.8379550509983,"non-seagrass"
"sea%20grass_36.jpeg",379.2477618859436,225.65280151367188,488.19717822835605,290.9861348470052,"non-seagrass"
"sea%20grass_36.jpeg",189.3644934034533,177.94906616210938,263.03501945525295,259.8750237358941,"non-seagrass"
"sea%20grass_36.jpeg",866.9260700389106,131.28239949544272,1187.5486381322958,226.68982272677954,"non-seagrass"
"sea%20grass_36.jpeg",108.43064126337549,224.61573282877603,177.95072919199902,262.9861348470052,"non-seagrass"
"sea%20grass_36.jpeg",229.83141947349222,127.13426717122395,345.0065167497568,196.61573282877603,"non-seagrass"
"sea%20grass_36.jpeg",782.8793774319066,206.98613484700522,858.6251937925583,259.8750237358941,"non-seagrass"
"sea%20grass_34.jpeg",977.5875486381323,142.95501416921616,1320,862.3691289424896,"seagrass"
"sea%20grass_34.jpeg",588.3787637554717,371.3404482603073,942.2049983280641,655.6802920103073,"seagrass"
"sea%20grass_34.jpeg",760.7263991062742,755.0279482603073,874.8638132295719,862.3691289424896,"seagrass"
"sea%20grass_34.jpeg",295.04541300614056,768.7310732603073,494.7859922178988,863.510986328125,"seagrass"
"sea%20grass_34.jpeg",8.560311284046692,141.81307837367058,1320,381.974609375,"seagrass"
"sea%20grass_34.jpeg",1.7120622568093384,412.4498232603073,169.4941634241245,733.331298828125,"seagrass"
"sea%20grass_34.jpeg",167.2114485803745,404.456298828125,539.2996108949417,744.7506045103073,"non-seagrass"
"sea%20grass_40.jpeg",8.687964906083776,174.46808510638297,776.063829787234,491.48936170212767,"seagrass"
"sea%20grass_40.jpeg",576.7730712890625,506.3829787234042,786.7021276595744,600,"seagrass"
"sea%20grass_40.jpeg",0,113.47518271588264,159.7517946933178,155.3191489361702,"seagrass"
"sea%20grass_41.jpeg",44.96329340953308,125.86113963039014,1586.1652379215304,719.0028234086242,"seagrass"
"sea%20grass_41.jpeg",29.744941127594036,746.6551374556838,1362.0407243028535,1010,"seagrass"
"sea%20grass_42.jpeg",905.0975556069232,619.3262790111785,1379.2110686606547,1043.7943641175614,"seagrass"
"sea%20grass_42.jpeg",6.51595744680851,798.0496832664977,720.1685154691656,1046.276595744681,"seagrass"
"sea%20grass_42.jpeg",125.66489361702128,647.8723404255319,237.36702127659575,707.4468085106382,"non-seagrass"
"sea%20grass_42.jpeg",309.3528747558594,490.24824588856796,449.6010638297872,559.7518109260722,"non-seagrass"
"sea%20grass_42.jpeg",521.5869173090508,443.0851063829787,629.5656407133062,525,"non-seagrass"
"sea%20grass_42.jpeg",177.79255319148936,508.86526716516374,244.81382978723406,552.3050024154338,"non-seagrass"
"sea%20grass_42.jpeg",888.9627659574468,556.0284066707529,982.0478723404256,630.4964917771359,"non-seagrass"
"sea%20grass_42.jpeg",689.1401087984126,434.39718205878074,752.4379811388382,500.17734284096576,"non-seagrass"
"sea%20grass_42.jpeg",20.16845865452543,497.6950543992063,895.1685154691655,791.8440473840592,"seagrass"
"sea%20grass_42.jpeg",908.8209598622424,471.63122461197224,1394.1046856819316,611.8794705005403,"seagrass"
"sea%20grass_42.jpeg",785.6382978723404,750.8865437609082,921.2323452563996,1003.4574468085107,"seagrass"
"sea%20grass_4.jpeg",1693.9040207522698,420.38993132279217,1873.7571310595008,655.4129464285714,"seagrass"
"sea%20grass_4.jpeg",109.81412063776752,465.32083326770413,412.4513618677043,710.7125119679534,"seagrass"
"sea%20grass_4.jpeg",436.66236966500486,294.2378839589484,803.2858288241732,741.8185027513637,"seagrass"
"sea%20grass_4.jpeg",798.0977613792965,344.35303859447004,1251.1890376742867,750.4590821156304,"seagrass"
"sea%20grass_4.jpeg",1284.046692607004,382.3715245119438,1652.3994811932555,686.5189372119817,"seagrass"
"sea%20grass_43.jpeg",0,0,929.3047989623865,1453.1072124756336,"seagrass"
"sea%20grass_43.jpeg",979.9105058365758,0,3523.9974059662773,2359,"seagrass"
"sea%20grass_46.jpeg",60.86900881756141,101.77154745831587,86.49805447470817,192.3308240647284,"seagrass"
"sea%20grass_46.jpeg",220.55774733250243,126.87221859925546,276.74451776051797,206.11157718120808,"seagrass"
"sea%20grass_46.jpeg",177.18548845224345,221.36886289455748,364.9675896195586,328.66191275167785,"seagrass"
"sea%20grass_46.jpeg",409.8184477216075,261.7267972190908,563.5927667877554,330,"seagrass"
"sea%20grass_46.jpeg",443.82622982277485,94.8811596351982,570,240.5634937670407,"seagrass"
"sea%20grass_46.jpeg",428.5473561565236,1.3688516296796351,569.5071636749149,85.52993672006083,"seagrass"
"sea%20grass_46.jpeg",292.02334630350197,60.429254314243394,413.76136393862475,171.1675206126783,"seagrass"
"sea%20grass_46.jpeg",68.75486381322958,72.73350862848679,227.95074344145186,134.74693144727874,"seagrass"
"sea%20grass_46.jpeg",69.24774526158195,0,272.80155642023345,75.68652876271499,"seagrass"
"sea%20grass_46.jpeg",154.02075979032406,165.75364285667473,186.05708378298274,228.75141323012798,"seagrass"
"sea%20grass_46.jpeg",12.075234498495258,82.08473154362417,62.34760803935129,184.45611121670515,"seagrass"
"sea%20grass_46.jpeg",5.667978724616975,204.63506711409397,113.60572191527845,291.7491610738255,"seagrass"
"sea%20grass_44.jpeg",293.34200650028373,75.65423649849652,395.8063385366002,126.58948171053001,"non-seagrass"
"sea%20grass_44.jpeg",1.945525291828794,101.55351707403608,500.00000000000006,269.8988408150433,"seagrass"
"sea%20grass_47.jpeg",3.873773913748379,6.929740378384216,168.7851613164721,509.0495391705069,"seagrass"
"sea%20grass_47.jpeg",178.74625081063556,0,328.715953307393,411.72236710649474,"seagrass"
"sea%20grass_47.jpeg",145.54261916342412,234.76385863695276,1141.6515685797667,319.92511520737327,"non-seagrass"
"sea%20grass_47.jpeg",925.8279628728924,0.29379567792338707,1122.836211089494,426.10023041474653,"seagrass"
"sea%20grass_47.jpeg",355.83226937418937,8.035714285714285,537.3454726005189,259.09563899589574,"seagrass"
"sea%20grass_47.jpeg",545.0930204280156,6.929740378384216,754.2758998054476,181.67630103326613,"non-seagrass"
"sea%20grass_47.jpeg",204.2023346303502,452.09104757704483,1084.0985732814527,515.1325222314227,"non-seagrass"
"sea%20grass_47.jpeg",1140.544747081712,145.17857986661144,1280,694.8559907834101,"seagrass"
"sea%20grass_48.jpeg",562.972647481244,109.692685823914,1056.356390392397,1401.4184397163122,"seagrass"
"sea%20grass_45.jpeg",6.087366245136187,246.92972350230414,1272.2525535019454,438.2661459083381,"seagrass"
"sea%20grass_45.jpeg",0,629.6025683143721,1270.0389105058366,708.1278801843317,"seagrass"
"sea%20grass_45.jpeg",63.640310878728926,415.04033945672523,968.9926840142672,600.8468416978686,"non-seagrass"
"sea%20grass_45.jpeg",964.5654993514917,63.33527033230126,1243.4760051880676,200.47811059907832,"non-seagrass"
"sea%20grass_45.jpeg",998.8759524967575,451.5380353092598,1267.8254701686124,615.2246543778801,"seagrass"
"sea%20grass_51.jpeg",306.2385169007724,9.078031499335106,1526.5142753428981,1863.2625498670213,"seagrass"
"sea%20grass_5.jpeg",271.52204264992713,42.24468085106383,464.8462115001286,905.0603618216007,"seagrass"
"sea%20grass_5.jpeg",518.6185023094565,156.17732449795338,1005.1297830129031,1003.6312447405876,"seagrass"
"sea%20grass_5.jpeg",979.5238521036952,427.56741495335353,1177.9692891857426,778.3262606681661,"seagrass"
"sea%20grass_5.jpeg",1275.2714515549983,425.0071117319959,1400,898.6595744680851,"seagrass"
"sea%20grass_5.jpeg",119.16719915444959,281.63121544046606,265.1205599226252,669.5142234639918,"seagrass"
"sea%20grass_5.jpeg",3.940861705889918,455.7305159873151,153.7351003890175,714.3191489361702,"seagrass"
"sea%20grass_50.jpeg",969.1916140292553,535.1489985039893,1369.531914893617,2516.4256565824467,"seagrass"
"sea%20grass_50.jpeg",1353.1915516954787,228.7660197805851,1904.681100398936,2520.5107006316493,"seagrass"
"sea%20grass_50.jpeg",1949.617145944149,625.0212765957447,2480.681100398936,2156.9361702127662,"seagrass"
"sea%20grass_50.jpeg",2505.1917386968084,988.5958070146277,2836.085355718085,2071.148936170213,"seagrass"
"sea%20grass_50.jpeg",2942.2979970079787,633.1915516954787,3722.553191489362,2491.915018284574,"seagrass"
"sea%20grass_50.jpeg",3751.149060837766,588.2553191489362,4560.000124667553,2659.4042553191493,"seagrass"
"sea%20grass_50.jpeg",544.3404878656914,878.2979346742021,973.2766580784573,1838.2978723404256,"seagrass"
"sea%20grass_50.jpeg",0,837.4468396775266,340.0851063829787,2500.0851063829787,"seagrass"
"sea%20grass_50.jpeg",25.532039561170212,2540.936294880319,1851.5745927526596,3451.9151429521276,"seagrass"
"sea%20grass_50.jpeg",1741.276720412234,2569.531977227394,2627.74493018617,3022.978972739362,"seagrass"
"sea%20grass_50.jpeg",405.4469331781915,1952.680975731383,903.8297872340426,2483.7447431848404,"seagrass"
"sea%20grass_50.jpeg",3432.5107629654253,2737.021401263298,4608,3451.9151429521276,"seagrass"
"sea%20grass_49.jpeg",67.61473087818696,458.3723404255319,2448,1291.776595744681,"seagrass"
"sea%20grass_49.jpeg",146.20970227292847,1402.8971631205673,2323.75099039483,3801.249691577668,"seagrass"
"sea%20grass_52.jpeg",2004.3926313229574,7.223536056307603,2551.1458333333335,1188.4217939948157,"seagrass"
"sea%20grass_52.jpeg",1220.7869244487679,0,1982.2568093385216,1166.3019108222925,"seagrass"
"sea%20grass_52.jpeg",667.3929961089494,9.435483870967742,1519.6196092736707,1217.1774193548388,"seagrass"
"sea%20grass_52.jpeg",0,13.859480756768432,627.5486381322958,1062.3387434295794,"seagrass"
"sea%20grass_54.jpeg",3.0851128760804523,92.34042877846576,97.12767256067156,291.48937468833117,"seagrass"
"sea%20grass_54.jpeg",293.7234172415226,210.63829787234044,473.29787234042556,311.063855759641,"seagrass"
"sea%20grass_54.jpeg",100.9574597947141,108.51063829787235,186.4893746883311,316.1702387383644,"seagrass"
"sea%20grass_54.jpeg",192.4468085106383,149.78724702875667,287.3404385181184,308.5106642702793,"seagrass"
"sea%20grass_56.jpeg",198.843085106383,62.65957446808511,291.1480599261345,181.57801932476937,"seagrass"
"sea%20grass_56.jpeg",143.9317581501413,79.50355123966298,194.1267833303898,165.07093226656002,"seagrass"
"sea%20grass_56.jpeg",302.26508120273024,38.40425531914894,341.0062262352477,113.19148936170214,"seagrass"
"sea%20grass_56.jpeg",348.4175531914894,0,376.71542553191495,126.66667694741108,"seagrass"
"sea%20grass_56.jpeg",53.98493421838639,2.6950367460859583,105.52748740987576,140.1418491120034,"seagrass"
"sea%20grass_56.jpeg",104.17997481975151,3.368796896427236,141.23670212765958,116.8971682609396,"seagrass"
"sea%20grass_56.jpeg",0,7.074468085106384,51.28989361702128,104.09574468085108,"seagrass"
"sea%20grass_56.jpeg",159.76508120273024,0.33688200281021446,359.1977155969498,62.996456470895325,"seagrass"
"sea%20grass_53.jpeg",7.263307089007782,5.916621827859482,132.60700389105057,264.303715437788,"seagrass"
"sea%20grass_53.jpeg",135.51233432636187,8.405101090532293,188.22311223249028,268.86595273347496,"seagrass"
"sea%20grass_53.jpeg",189.88326848249028,9.234591013824884,237.19844357976655,200.01801380913378,"seagrass"
"sea%20grass_53.jpeg",249.23478538424123,23.33597666656916,312.7367309095331,249.78759906259,"seagrass"
"sea%20grass_53.jpeg",307.75618616245134,20.432747695852534,372.9182879377432,220.7553283410138,"seagrass"
"sea%20grass_53.jpeg",360.05190600680936,21.67698732718894,414.0077821011673,241.90740207373273,"seagrass"
"sea%20grass_53.jpeg",413.1777039761673,4.2576324884792625,477.9248236867704,244.81064053724438,"seagrass"
"sea%20grass_55.jpeg",380.9338521400778,50.699764489199865,931.6472114137484,653.4520850422782,"seagrass"
"sea%20grass_55.jpeg",967.7908059997163,257.00457070495366,1100,444.29511698860136,"seagrass"
"sea%20grass_55.jpeg",117.46650824441674,153.3768072907563,390.4453381490151,603.0642189738352,"seagrass"
"sea%20grass_55.jpeg",8.560311284046692,359.68161350651013,1084.781726881688,727.6077270656244,"seagrass"
"sea%20grass_57.jpeg",498.0544747081712,260.1806129871175,1019.5729571984436,527.7110658489776,"seagrass"
"sea%20grass_57.jpeg",28.776507782101167,0,1008.0622568093385,672.9925725766193,"seagrass"
"sea%20grass_58.jpeg",138.75919643852342,41.04334479371316,262.84046692607,226.20640962671905,"seagrass"
"sea%20grass_58.jpeg",267.6826724437115,114.26142406650986,306.7228799664093,188.3871654218213,"seagrass"
"sea%20grass_58.jpeg",306.72287996640927,110.93332514734774,347.5789388020833,208.65829449786654,"seagrass"
"sea%20grass_58.jpeg",0.9079118028534371,22.58755373252164,139.81841763942933,221.4695481335953,"seagrass"
"sea%20grass_60.jpeg",25.348036631226694,19.1403815388016,73.07652399481194,85.68336614208894,"seagrass"
"sea%20grass_60.jpeg",81.23735408560312,21.119358720938656,146.02940659578672,89.3939412812355,"seagrass"
"sea%20grass_60.jpeg",160.86727948813433,25.81941678926542,208.1011673151751,88.4044583520553,"seagrass"
"sea%20grass_60.jpeg",222.69175741984841,26.066790352504636,258.30265236148267,90.3834242104157,"seagrass"
"sea%20grass_60.jpeg",217.49850190752676,100.03091957219677,260.0337224383917,156.4316616872246,"seagrass"
"sea%20grass_60.jpeg",142.81452658884567,109.43104703262696,207.11199088288345,148.51577560622968,"seagrass"
"sea%20grass_60.jpeg",75.79680446520854,112.15213924259334,131.68612191958496,152.22635074537627,"seagrass"
"sea%20grass_60.jpeg",29.304798962386513,92.85714851903118,58.23865110246433,158.41065019313834,"seagrass"
"sea%20grass_60.jpeg",252.36750320454362,161.13173107932803,286,187.35313627848154,"seagrass"
"sea%20grass_60.jpeg",192.76870620668168,163.35807616281596,234.31475030525496,187.8478720811833,"seagrass"
"sea%20grass_60.jpeg",171.5010959412492,168.55288135762117,188.3173443389774,190.56895296737304,"seagrass"
"sea%20grass_60.jpeg",111.40771072724141,165.58442124630392,132.42801556420233,185.37414777256782,"seagrass"
"sea%20grass_60.jpeg",131.9334273480565,168.0581455549194,144.54561930655197,189.5794813619695,"seagrass"
"sea%20grass_60.jpeg",69.61436120019658,167.81076632979185,109.42931258106356,190.3215963897988,"seagrass"
"sea%20grass_60.jpeg",13.230444209275698,159.6475010236694,38.45482812626662,181.41621605584706,"seagrass"
"sea%20grass_60.jpeg",149.24428660272778,168.55288135762117,171.25379051277764,192.3005622481592,"seagrass"
"sea%20grass_72.jpeg",612.6200274348423,167.05851063829786,1020.493294672711,1068.9184787831407,"seagrass"
"sea%20grass_72.jpeg",300.96879286694104,52.48582048619047,606.9586943533523,857.6950745278217,"seagrass"
"sea%20grass_72.jpeg",1048.659654572831,497.9751968383789,1176.6889574759946,773.205712825694,"seagrass"
"sea%20grass_72.jpeg",1248.3853061503344,451.8900904554002,1400,825.6914893617021,"seagrass"
"sea%20grass_72.jpeg",102.52341439203961,262.42908778089156,285.6052812071331,698.9574468085107,"seagrass"
"sea%20grass_6.jpeg",42.36924385436933,561.4313535337095,846.5197769738976,976.2461683485243,"seagrass"
"sea%20grass_71.jpeg",111.54345006485084,434.214842484294,1862.516212710765,721.0811755624236,"seagrass"
"sea%20grass_65.jpeg",9.94382232388943,359.35763888888886,266.7531608452902,560,"seagrass"
"sea%20grass_65.jpeg",7.782101167315176,205.53049158166957,576.3078781108139,341.20949074074076,"seagrass"
"sea%20grass_65.jpeg",288.370095338339,361.95023148148147,718.1150285495704,558.987308078342,"seagrass"
"sea%20grass_65.jpeg",589.2780467230059,291.08604713722514,997.4059662775617,551.2095303005642,"seagrass"
"sea%20grass_65.jpeg",623.8651102464332,211.57986111111111,990.4886485692283,274.6662676775897,"seagrass"
"sea%20grass_63.jpeg",410.5698742501621,47.44981922202396,618.1755811243515,481.75856854838713,"seagrass"
"sea%20grass_63.jpeg",626.6147859922179,32.27009571971981,808.0588496068417,530.6710366807226,"seagrass"
"sea%20grass_63.jpeg",822.4055596931744,82.86917406073364,968.4046692607003,544.1641499743483,"seagrass"
"sea%20grass_63.jpeg",1.265888456549935,11.187139976958525,78.90706000222924,480.91530204808106,"seagrass"
"sea%20grass_63.jpeg",118.57157785141048,0,216.46692607003888,426.0995823732719,"seagrass"
"sea%20grass_63.jpeg",215.62301330962222,42.38991138792258,355.71465629053176,447.1825574180498,"seagrass"
"sea%20grass_63.jpeg",362.4661129012646,37.33000355382119,402.130592118596,438.7493519585254,"seagrass"
"sea%20grass_64.jpeg",16.048455739299612,107.57488479262672,1278.8932798313879,719.9999999999999,"seagrass"
"sea%20grass_62.jpeg",30.957485767121014,824.6808900224402,1080,974.0425921500997,"seagrass"
"sea%20grass_62.jpeg",642.4468085106383,625.5319538522274,1047.127737491689,809.36174108627,"seagrass"
"sea%20grass_66.jpeg",22.308705845695524,176.25563924844982,1190.661478599222,796.3178068142493,"seagrass"
"sea%20grass_70.jpeg",27.02121759357774,546.1060273582369,2493.5149156939037,1659.601520790664,"seagrass"
"sea%20grass_7.jpeg",170.9987029831388,194.94819043418778,928.0415045395591,615.2246543778801,"seagrass"
"sea%20grass_74.jpeg",183.17338480869003,184.99427338349653,901.4785992217899,597.5288693476382,"non-seagrass"
"sea%20grass_77.jpeg",4.539559014267185,96.60586734693878,688.499820773549,267,"seagrass"
"sea%20grass_79.jpeg",348.9840456793126,158.00866857751623,481.1068088318742,240.43292157061688,"non-seagrass"
"sea%20grass_79.jpeg",549.5892991042477,22.25108753551136,795.8495460440986,352.64071377840907,"seagrass"
"sea%20grass_79.jpeg",12.10551181501297,159.39396053165584,332.3822298557069,329.09090909090907,"seagrass"
"sea%20grass_79.jpeg",349.6757457846952,229.35064935064932,517.0774308933204,352.64071377840907,"seagrass"
"sea%20grass_79.jpeg",5.188067444876784,5.62771091213474,537.8297006728275,144.8485059862013,"seagrass"
"sea%20grass_78.jpeg",129.26937355605546,39.538251631918584,478.59922178988325,278.3086796474828,"non-seagrass"
"sea%20grass_78.jpeg",488.97535667963683,104.42152011440886,771.7250324254215,245.4344770824863,"non-seagrass"
"sea%20grass_78.jpeg",3.891050583657588,279.1737766933812,972.3303333485328,667,"seagrass"
"sea%20grass_8.jpeg",333.19289329914733,1173.9634523948343,5144.957046607744,3430.2709155101256,"seagrass"
"sea%20grass_75.jpeg",567.5768102900682,1082.0567674896597,2033.6251621271076,3526.7728610354175,"seagrass"
"sea%20grass_75.jpeg",2258.817693213081,801.7416625115659,5241.468071251064,3462.438370923588,"seagrass"
"sea%20grass_75.jpeg",25.276837181952214,1913.811771541254,733.0242811071889,3503.7963475772845,"seagrass"
"sea%20grass_81.png",88.80243161094225,167.0898503513201,324.31202507598783,336.2553191489362,"seagrass"
"sea%20grass_81.png",379.2989171732523,170.20332552862507,497.57247340425533,351.82269503546104,"seagrass"
"sea%20grass_81.png",594.0587955927051,182.65722623784492,793.2563639817629,338.33098510309316,"seagrass"
"sea%20grass_81.png",725.8196238601823,385.03311276266766,911.5299202127659,553.1607723371358,"seagrass"
"sea%20grass_81.png",494.4600113981763,362.2009772983849,654.2329977203647,542.7825375820728,"seagrass"
"sea%20grass_81.png",222.63829787234042,403.71396382649743,411.4609612462006,518.9125453867812,"seagrass"
"sea%20grass_82.jpeg",303.45747927401925,23.404263435526097,537.5000649310173,606.3829787234042,"seagrass"
"sea%20grass_82.jpeg",559.8404904629322,267.5531996057389,657.7127984229554,628.1915218272109,"seagrass"
"sea%20grass_82.jpeg",604.521341526762,37.234046611380066,756.6489686357214,463.8298196995512,"seagrass"
"sea%20grass_82.jpeg",786.4362351437833,0,1010.904255319149,671.2766282101895,"seagrass"
"sea%20grass_84.jpeg",37.181176409492544,768.3444248897092,1968.8715953307394,1331.9735044486793,"seagrass"
"sea%20grass_83.jpeg",24.75875486381323,780.3593296392419,2097.158347994437,1389.2412451361868,"seagrass"
"sea%20grass_80.png",1.5064374185136897,140.29553406627466,774.4938083932173,1352.2459660523327,"seagrass"
"sea%20grass_80.png",799.8653859681847,701.4775929552443,1921.289114781744,1360.6974511112726,"seagrass"
"sea%20grass_88.jpeg",362.6459143968872,55.229342588081884,994.5525291828794,612.0266013431109,"seagrass"
"sea%20grass_85.jpeg",35.86685247953145,385.6203197004608,943.0869001297016,539.947508640553,"seagrass"
"sea%20grass_89.jpeg",13.488975356679639,1.5662544636410962,774.4055761592089,524.1966204810236,"seagrass"
"sea%20grass_87.jpeg",56.789895736753714,350.95331986126735,915.5836575875487,628.7743190661479,"seagrass"
"sea%20grass_86.jpeg",52.31302659644537,455.6562669657548,993.0826822916667,667,"seagrass"
"sea%20grass_86.jpeg",418.071821042072,229.86249264668862,996.5413411458334,464.3073958311563,"seagrass"
"sea%20grass_92.jpeg",7.747547827496758,849.245004468391,388.4824902723736,1663.9998007154652,"seagrass"
"sea%20grass_92.jpeg",1944.6260943579769,822.676911083177,2475.8842007133594,1706.0660161415426,"seagrass"
"sea%20grass_92.jpeg",481.45265888456555,1429.3151109450523,691.742359760052,1542.2295078322118,"non-seagrass"
"sea%20grass_92.jpeg",295.5123216601816,835.960957775784,1858.2966520752273,1652.929829371115,"seagrass"
"sea%20grass_91.jpeg",41.82882346067911,53.50197521165187,1849.2218492559884,1499.9999999999998,"seagrass"
"sea%20grass_90.jpeg",35.90425531914894,496.4539548184009,1954.3440798495678,1459.2199122652094,"seagrass"
"sea%20grass_9.jpeg",2040.3749199655733,176.19587006921435,3108.3101512151934,1994.6447815653878,"seagrass"
"sea%20grass_9.jpeg",590.4578879983509,657.7081712062256,2002.7148204758937,2074,"seagrass"
"sea%20grass_93.jpeg",180.50157915602708,537.4324654244089,2452.4428470280077,1200,"seagrass"
"sea%20grass_95.jpeg",26.977976045719846,109.71343431604622,456.9649805447471,526.9484700145808,"seagrass"
"sea%20grass_95.jpeg",718.443579766537,356.0728813206545,847.1077030642024,457.27105065974223,"seagrass"
"sea%20grass_95.jpeg",535.8236563715953,357.7318801528298,617.1725285749028,435.7042177261845,"seagrass"
"sea%20grass_97.jpeg",12.570551128818062,149.66903951658426,633.509001915515,483.54609929078015,"seagrass"
"sea%20grass_98.jpeg",15.564221333900779,160.83743258006012,1055.2529182879377,789.1784274193549,"seagrass"
"sea%20grass_96.jpeg",38.51621271076524,50.63642777950567,1019.5729571984435,567.4159242761692,"seagrass"
"sea%20grass_94.png",31.647227246473737,383.39820000911965,1146.0441619041828,792.2178988326848,"seagrass"
"seagrasses_12.jpeg",37.0774055609598,202.86064836672773,560.5880147535669,853,"seagrass"
"seagrasses_12.jpeg",597.1120095654994,352.2186250204242,1230.194552529183,840.121399400763,"seagrass"
"seagrasses_10.jpeg",9.251621271076523,206.9878246753247,930.0082413293662,491.675324358259,"seagrass"
"seagrasses_10.jpeg",470.9516318156716,120.61209399731129,1006.6645318611431,462.5896100725447,"seagrass"
"seagrasses_100.jpeg",181.19325551232166,80.17188588005097,970.6442430943986,665.8113006858974,"seagrass"
"seagrasses_100.jpeg",9.035898646491974,372.9916150430761,1085.7328145265888,720.0019621644966,"seagrass"
"seagrasses_100.jpeg",989.6671280322836,190.45462830242946,1100,559.331418953981,"seagrass"
"sea%20grass_99.jpeg",82.3450064850843,803.9346134538154,1288.3009079118028,1299.4634492560085,"seagrass"
"seagrasses_11.jpeg",42.99650800989029,459.2199122652094,2000,1500,"seagrass"
"seagrasses_18.jpeg",18.849983660627434,114.96628762747494,383.39818417639435,254.4268421435174,"seagrass"
"seagrasses_19.jpeg",22.48164670476654,6.4054217357116,773.7138127229248,506.2225819153545,"seagrass"
"seagrasses_17.jpeg",235.01945525291828,11.680955491307694,999.7406599586576,648.316892281106,"seagrass"
"seagrasses_20.png",73.15175097276264,2.59404163880107,457.06877355909535,800,"seagrass"
"seagrasses_20.png",637.6135206408075,159.2736863904426,1187.5486381322958,790.1427035201848,"seagrass"
"seagrasses_23.jpeg",326.8617183604139,31.914893617021278,1069.4149260825297,640.425548147648,"seagrass"
"seagrasses_24.jpeg",4.755754879012646,0,998.2707497365435,665.0129994047292,"seagrass"
"seagrasses_22.jpeg",235.19242461089496,194.94819043418778,882.6632417315176,575.4089861751152,"non-seagrass"
"seagrasses_22.jpeg",934.6822308690014,306.6532258064516,1274.4661964980546,548.8652073732719,"seagrass"
"seagrasses_22.jpeg",687.8686365110246,609.6947342129896,1274.4661964980546,720,"seagrass"
"seagrasses_22.jpeg",103.48466885538262,31.26152073732719,1099.5936689364462,168.40441163234448,"seagrass"
"seagrasses_21.jpeg",62.86559662775616,377.3917320708525,1952.373540856031,1152,"seagrass"
"seagrasses_25.jpeg",44.09858911417802,114.88425530327693,474.7081712062257,266,"seagrass"
"seagrasses_25.jpeg",921.9196482855059,440.51390075683594,1156.4202334630352,726.7361704508464,"seagrass"
"seagrasses_25.jpeg",270.2983455435311,193.69907803005643,904.2801556420234,608.5139007568359,"seagrass"
"seagrasses_27.jpeg",10.18029856403514,67.06776220821641,419.9909473226228,333.3331409935813,"seagrass"
"seagrasses_26.jpeg",222.03634655429232,142.1294817828492,283.64463242111503,214.47847507143982,"seagrass"
"seagrasses_26.jpeg",450.72634448337186,98.3263422818792,515.2918287937744,222.8453729616716,"seagrass"
"seagrasses_26.jpeg",15.525291828793776,91.92813950097002,87.97665369649806,177.07356088113465,"seagrass"
"seagrasses_26.jpeg",177.18548845224345,253.85208437106755,372.8534671768604,330,"seagrass"
"seagrasses_26.jpeg",300.4021053091561,76.67086505249843,348.7029981798699,180.02658101536284,"seagrass"
"seagrasses_26.jpeg",112.12712269348857,81.10040651871854,252.5940487635275,155.91023489932888,"seagrass"
"seagrasses_26.jpeg",468.9624165932028,268.61718504220846,570,330,"seagrass"
"seagrasses_26.jpeg",3.6964980544747084,211.03329242475883,61.85474915263254,303.5612416107383,"seagrass"
"seagrasses_26.jpeg",423.61867704280155,1.861025407010277,495.08432113706834,88.48295685428901,"seagrass"
"seagrasses_26.jpeg",70.72634448337185,2.8453616967937294,281.18031542588767,72.73350862848679,"seagrass"
"seagrasses_28.jpeg",9.549302788844622,150.8203485367146,646.0256021811193,485.2730496453901,"seagrass"
"seagrasses_37.jpeg",418.57271397367435,46.54255319148936,503.5904255319149,358.06739482473824,"seagrass"
"seagrasses_37.jpeg",545.7890449686254,148.93617021276594,628.3244680851064,253.81207567580202,"seagrass"
"seagrasses_37.jpeg",207.57978723404256,15.514189131716464,372.65074709628493,334.48582507194357,"seagrass"
"seagrasses_37.jpeg",102.0833522715467,211.61348464641165,193.92731443364568,314.6276595744681,"seagrass"
"seagrasses_37.jpeg",10.23936170212766,15.514189131716464,120.70037354814247,175.6205863140999,"seagrass"
"seagrasses_37.jpeg",585.5053191489361,274.29079908005735,683.5550024154338,353.1028463485393,"seagrass"
"seagrasses_36.jpeg",141.81511177664797,93.09671554856628,988.9737350036777,716.9860498704984,"seagrass"
"seagrasses_34.jpeg",4.342671556933842,19.10634312694429,142.22223878816794,608.7896259014423,"seagrass"
"seagrasses_34.jpeg",199.76254373409668,47.341628959276015,555.8609653307888,267.7941342176895,"seagrass"
"seagrasses_34.jpeg",877.2180144720102,48.427610095270076,1078.0661577608143,240.6448295213518,"seagrass"
"seagrasses_34.jpeg",1100.8651399491093,375.30544643488406,1268.057808524173,704.3552699024322,"seagrass"
"seagrasses_32.jpeg",9.372371450331983,165.40540540540542,834.1391449362875,480.00000000000006,"seagrass"
"seagrasses_29.jpeg",21.71334287531807,11.025395355890932,971.0195610687024,588.0384825327511,"seagrass"
"seagrasses_30.jpeg",195.67430801973998,4.83460753928614,298.4732824427481,131.043260880099,"seagrass"
"seagrasses_30.jpeg",10.432573857198236,0,137.40458015267177,97.45547462055703,"seagrass"
"seagrasses_3.jpeg",122.13740458015268,352.2518641269045,1879.5590000298187,722.1613922809584,"seagrass"
"seagrasses_31.jpeg",33.587786259541986,329.4915254237288,1149.618320610687,619.3220338983051,"seagrass"
"seagrasses_35.jpeg",20.277786254882812,19.444446563720703,416.9444783528646,260.5555725097656,"seagrass"
"seagrasses_33.jpeg",26.70738907442748,99.01273258587786,736.0814646946565,384.3257096851145,"seagrass"
"seagrasses_38.jpeg",12.128929934125516,473.56300757013815,108.22732551710598,679.0031876138434,"seagrass"
"seagrasses_38.jpeg",111.02630770540115,523.9892370783349,584.0543402363629,662.1944444444445,"seagrass"
"seagrasses_38.jpeg",635.3689567430025,218.63040283425474,781.8490530698353,700.4810831038678,"seagrass"
"seagrasses_38.jpeg",851.8236077772145,277.4610039271509,947.9220247147344,659.3929872495446,"seagrass"
"seagrasses_40.jpeg",16.17908477783203,2.6595744680851063,99.06914893617021,246.45391423651512,"seagrass"
"seagrasses_40.jpeg",107.04787234042553,130.762424874813,188.60816955566406,258.86525499059803,"seagrass"
"seagrasses_40.jpeg",277.7039142365151,163.12057413953414,391.1791050687749,231.38297872340422,"seagrass"
"seagrasses_42.png",120.7172131147541,53.87234042553192,306.3784267237929,228.95744680851064,"seagrass"
"seagrasses_43.jpeg",1057.178150206122,10.97147568412449,1200.5979975343662,213.1454136060632,"seagrass"
"seagrasses_43.jpeg",612.793893129771,72.92802230171534,1047.3995242519234,210.97148397694463,"seagrass"
"seagrasses_43.jpeg",15.211212507641044,181.6236578899881,597.5827303587935,433.79755434782606,"seagrass"
"seagrasses_41.jpeg",30.18018821584242,225.38536634512826,836.4651769645682,643.7375886524823,"seagrass"
"seagrasses_45.jpeg",9.881267363181856,60.14466780937036,179.83887060422632,109.60063990924053,"seagrass"
"seagrasses_45.jpeg",245.45038167938932,60.14466780937036,420.54624973908636,109.60063990924053,"seagrass"
"seagrasses_46.jpeg",21.37404580152672,307.0524604072398,1169.465648854962,668.477830843688,"seagrass"
"seagrasses_46.jpeg",504.8346366591126,158.4099575405207,1164.376621391937,291.7809671945701,"seagrass"
"seagrasses_47.jpeg",25.53191489361702,3.404255319148936,1269.2198927859044,898.7234042553191,"seagrass"
"seagrasses_48.jpeg",365.1526717557252,1045.6302491835966,5116.645599831151,3326.492707041384,"seagrass"
"seagrasses_44.jpeg",97.96439600354843,494.91096088904465,1419.8473282442749,1000,"seagrass"
"seagrasses_49.jpeg",18.32564724919094,381.0874938964844,685.0095973338897,643.0851063829787,"seagrass"
"seagrasses_52.jpeg",28.498727735368956,332.537136554718,1369.1264145246898,897.787100315094,"seagrass"
"seagrasses_50.jpeg",863.2092577345828,641.6667045430934,1359.6631963202294,1050,"seagrass"
"seagrasses_50.jpeg",22.961011846014795,529.9645768835189,746.5425531914893,1027.659574468085,"seagrass"
"seagrasses_50.jpeg",838.3866005755485,482.8014373779297,1400,666.4893617021277,"seagrass"
"seagrasses_51.jpeg",41.70215363198138,47.65958745428857,1912.3404255319151,1426.3830306682182,"seagrass"
"seagrasses_5.png",13.769392389051296,219.7399656146976,670.0475839468149,1345.484685153826,"seagrass"
"seagrasses_5.png",725.8650546117432,709.9290780141844,1898.0319385752373,1352.2459660523327,"seagrass"
"seagrasses_54.jpeg",16.115377877504773,267.481529046561,932.1459122286499,655.2919875137678,"seagrass"
"seagrasses_53.jpeg",184.04255319148936,204.9645606507646,678.3688159699135,438.2978723404255,"non-seagrass"
"seagrasses_53.jpeg",29.432645757147604,494.32626277842417,788.2978723404256,595.7446808510638,"seagrass"
"seagrasses_57.jpeg",23.748965663764313,23.2100622406639,976.2511119891063,598.0565740814842,"seagrass"
"seagrasses_92.jpeg",194.91094924111405,10.941477768293774,295.67430801974,113.99491870676289,"seagrass"
"seagrasses_92.jpeg",2.0356272923127388,1.0178136461563694,134.35114503816794,101.78117824874762,"seagrass"
"seagrasses_92.jpeg",0,117.0483538212667,97.45547462055703,193.38423168386214,"seagrass"
"seagrasses_93.jpeg",68.19341528506679,268.9830430887513,1106.3613542163646,630,"seagrass"
"seagrasses_59.jpeg",42.64875196201439,238.1595744680851,1426.263796802615,684.546139006919,"seagrass"
"seagrasses_96.jpeg",9.119602814885496,108.13232049141222,743.2468392175573,403.8677242366412,"seagrass"
"seagrasses_95.jpeg",10.093310407099834,195.67567567567568,849.2790940457023,477.7702702702704,"seagrass"
"seagrasses_95.jpeg",591.1789872264135,84.25675675675676,693.5539032060076,148.40091189822635,"non-seagrass"
"seagrass_16.jpeg",35.4198659649332,113.12359529383042,1063.8168311665077,752.0829365587881,"seagrass"
"seagrass_10.jpeg",313.48602061963265,3.658810783835018,951.6540061426527,607.3918579930095,"seagrass"
"seagrass_22.png",37.34693066157761,332.4309001272265,992.732824427481,512,"seagrass"
"seagrass_19.jpeg",179.78794642857142,174.75180767952128,1649.5623825187968,1822.4114860372342,"seagrass"
"seagrass_2.jpeg",527.7354092197563,709.8041115098328,3055.5877862595416,1865.54469031414,"seagrass"
"seagrass_21.jpeg",431.6046288672914,63.9184444508654,492.42021276595744,338.20922932726273,"seagrass"
"seagrass_21.jpeg",237.98760759069563,56.4716359402271,346.5869173090508,304.69859102939034,"seagrass"
"seagrass_21.jpeg",96.49824588856798,218.4397352502701,197.65071868896484,321.4539101783265,"seagrass"
"seagrass_21.jpeg",546.4095744680851,139.00710166768823,633.2890449686254,245.12412294428395,"seagrass"
"seagrass_21.jpeg",582.4025012077169,273.0496548591776,670.5230875218168,357.44680851063833,"seagrass"
"seagrass_21.jpeg",25.753565037504156,16.75531914893617,169.72518677407123,163.2092293272627,"seagrass"
"seagrass_21.jpeg",272.73936170212767,345.656037837901,323.6259054630361,454.25531914893617,"seagrass"
"seagrass_21.jpeg",336.03723404255317,416.4007470962849,433.4663309949509,473.4929267396318,"seagrass"
"seagrass_21.jpeg",20.16845865452543,272.42909695239774,80.36348464641165,329.52127659574467,"seagrass"
"seagrass_20.png",137.40458015267177,178.11705611134303,1169.465648854962,792.8753801884542,"seagrass"
"seagrass_23.jpeg",11.022900763358779,40.41172752808989,704.8533028561347,390.2828792271989,"seagrass"
"seagrass_25.jpeg",31.552193911020993,310.10675904977376,1152.162880933922,642.0072736783266,"seagrass"
"seagrass_24.jpeg",15.916900790071367,12.647069870616514,1643.7795624478174,752.556583180147,"seagrass"
"seagrass_37.png",33.587786259541986,422.39188856750957,1171.5013343869277,794.9109725369752,"seagrass"
"seagrass_34.jpeg",120.3562340966921,105.22013233272175,980.5767884387922,727.2442911308231,"seagrass"
"seagrass_33.jpeg",14.843103539852695,572.8324188931298,636.1323155216285,1147.586936543006,"seagrass"
"seagrass_33.jpeg",441.05180347238786,44.736999045801525,1564.8854961832062,980.0385257633588,"non-seagrass"
"seagrass_33.jpeg",65.73373731462706,1304.5308921755725,1702.7142939676764,1650.231974710945,"seagrass"
"seagrass_33.jpeg",1615.7760814249364,371.3502467788813,2415.1824873519004,806.1276166493656,"seagrass"
"seagrass_42.jpeg",10.436745402018229,62.70095027084892,274.085625,453.51656704084246,"seagrass"
"seagrass_38.jpeg",17.587322621088617,5.172579298628137,708.0682687446104,461.65248226950354,"seagrass"
"seagrass_43.jpeg",39.8936170212766,2826.506180567099,2454.1499766897646,3703.697669928801,"seagrass"
"seagrass_5.jpeg",32.84310055021718,267.20881043257,973.1925624235895,503.7923821602159,"seagrass"
"seagrass_5.jpeg",503.01781170483457,142.87293256997455,1019,229.21731854698433,"seagrass"
"seagrass_44.jpeg",552.8510638297872,515.6312333776596,1740.255319148936,1194.666722074468,"non-seagrass"
"seagrass_44.jpeg",100.76595744680851,1252.7659574468084,1961.7589760638298,1503.3191489361702,"seagrass"
"seagrass_44.jpeg",53.56033909574468,740.7659574468084,384,1207.3759973404253,"seagrass"
"seagrass_45.jpeg",9.361754072473405,37.44682149684176,1764.2553191489362,881.7021536319814,"seagrass"
"seagrass_49.jpeg",130.6191946713979,336.9803709142348,1901.6116387364823,764.5821808689859,"seagrass"
"seagrass_50.jpeg",14.843103539852695,574.9533487567464,2404.5801526717555,1662.9571655506395,"seagrass"
"seagrass_53.png",28.99233893403174,199.4562776714352,719.0992489731452,1370.8392950829038,"seagrass"
"seagrass_53.png",785.0653506680604,762.3286567850315,1930.1691669329825,1352.2459660523327,"seagrass"
"seagrass_52.jpeg",2066.083969465649,364.13740458015263,2992.259541984733,1918.3181466837875,"seagrass"
"seagrass_52.jpeg",675.5013527906577,847.0152671755725,1920.956904054598,1905.1248429858956,"seagrass"
"seagrass_52.jpeg",306.0865542579243,994.7812107464739,657.030534351145,1443.3563146227189,"seagrass"
"seagrass_63.jpeg",42.40883397692033,452.47645293665295,977.9474389462071,648.5032093397533,"seagrass"
"seagrass_59.jpeg",54.28331680880248,156.01116593476314,973.7065827270197,598.4739850281151,"seagrass"
"seagrass_6.jpeg",23.748965663764313,162.80519521919786,960.1357341116016,582.3381557586087,"seagrass"
"seagrass_61.jpeg",62.63591025820759,291.75889847126416,693.4136395353283,1637.333466225482,"seagrass"
"seagrass_61.jpeg",1161.0590326455444,283.0496620015895,1511.249287093444,1774.5036789914395,"seagrass"
"seagrass_87.jpeg",279.89837413525765,386.7684866635854,5877.862595419848,3770.992366412214,"seagrass"
"seagrass_97.jpeg",95.16539440203562,76.31045600658155,948.8549618320611,657.30154303922,"seagrass"
"seagrass_97.jpeg",987.1077753508667,231.11707889760726,1100,505.2926514166912,"seagrass"